0,08-16
1,09-11
2,09-11
3,09-12
4,09-12
5,09-12
6,09-12
7,09-12
8,09-12
9,09-12
10,09-12
11,09-12
12,09-12
13,09-12
14,09-12
15,09-12
16,09-12
17,09-12
18,09-12
19,09-12
20,09-12
21,09-12
22,09-12
23,09-12
24,09-12
25,09-12
26,09-12
27,09-12
28,09-12
29,09-12
30,09-12
31,09-12
32,09-12
33,09-12
34,09-12
35,09-12
36,09-12
37,09-12
38,09-12
39,09-12
40,09-12
41,09-12
42,09-12
43,09-12
44,09-12
45,09-12
46,09-12
47,09-12
48,09-12
49,09-12
50,09-12
51,09-12
52,09-12
53,09-12
54,09-12
55,09-12
56,09-12
57,09-12
58,09-12
59,09-12
60,09-12
61,09-12
62,09-12
63,09-12
64,09-12
65,09-12
66,09-12
67,09-12
68,09-12
69,09-12
70,09-12
71,09-12
72,09-12
73,09-12
74,09-12
75,09-12
76,09-12
77,09-12
78,09-12
79,09-12
80,09-12
81,09-12
82,09-12
83,09-12
84,09-12
85,09-12
86,09-12
87,09-12
88,09-12
89,09-12
90,09-12
91,09-12
92,09-12
93,09-12
94,09-12
95,09-12
96,09-12
97,09-12
98,09-12
99,09-12
100,09-12
101,09-12
102,09-12
103,09-11
104,09-12
105,09-12
106,09-12
107,09-12
108,09-12
109,09-12
110,09-12
111,09-12
112,09-12
113,09-12
114,09-12
115,09-12
116,09-12
117,09-12
118,09-12
119,09-11
120,09-12
121,09-11
122,09-12
123,09-12
124,09-12
125,09-11
126,09-12
127,09-12
128,09-11
129,09-12
130,09-11
131,09-11
132,09-12
133,09-11
134,09-12
135,09-12
136,09-12
137,09-12
138,09-12
139,09-12
140,09-12
141,09-12
142,09-12
143,09-12
144,09-12
145,09-11
146,09-12
147,09-12
148,09-12
149,09-11
150,09-12
151,09-11
152,09-12
153,09-12
154,09-12
155,09-12
156,09-12
157,09-12
158,09-11
159,09-12
160,09-12
161,09-12
162,09-12
163,09-11
164,09-12
165,09-11
166,09-12
167,09-12
168,09-11
169,09-12
170,09-12
171,09-12
172,09-12
173,09-12
174,09-12
175,09-12
176,09-12
177,09-12
178,09-12
179,09-11
180,09-12
181,09-11
182,09-12
183,09-12
184,09-12
185,09-12
186,09-12
187,09-11
188,09-12
189,09-12
190,09-12
191,09-12
192,09-12
193,09-12
194,09-12
195,09-12
196,09-12
197,09-12
198,09-11
199,09-12
200,09-12
201,09-11
202,09-12
203,09-12
204,09-12
205,09-12
206,09-12
207,09-12
208,09-12
209,09-12
210,09-12
211,09-12
212,09-12
213,09-12
214,09-12
215,09-12
216,09-12
217,09-11
218,09-11
219,09-11
220,09-11
221,09-11
222,09-11
223,09-11
224,09-11
225,09-11
226,09-11
227,09-11
228,09-11
229,09-11
230,09-11
231,09-11
232,09-11
233,09-11
234,09-11
235,09-11
236,09-11
237,09-11
238,09-11
239,09-11
240,09-11
241,09-11
242,09-11
243,09-11
244,09-11
245,09-11
246,09-11
247,09-11
248,09-11
249,09-11
250,09-11
251,09-11
252,09-11
253,09-11
254,09-11
255,09-11
256,09-11
257,09-11
258,09-11
259,09-11
260,09-11
261,09-11
262,09-11
263,09-11
264,09-11
265,09-11
266,09-11
267,09-11
268,09-11
269,09-11
270,09-11
271,09-11
272,09-11
273,09-11
274,09-11
275,09-11
276,09-11
277,09-11
278,09-11
279,09-11
280,09-11
281,09-11
282,09-11
283,09-11
284,09-11
285,09-11
286,09-11
287,09-11
288,09-11
289,09-11
290,09-11
291,09-11
292,09-11
293,09-11
294,09-11
295,09-11
296,09-11
297,09-11
298,09-11
299,09-11
300,09-11
301,09-09
302,09-11
303,09-11
304,09-11
305,09-11
306,09-11
307,09-11
308,09-11
309,09-11
310,09-11
311,09-11
312,09-11
313,09-11
314,09-11
315,09-11
316,09-11
317,09-11
318,09-11
319,09-11
320,09-11
321,09-11
322,09-11
323,09-11
324,09-11
325,09-11
326,09-11
327,09-11
328,09-11
329,09-11
330,09-11
331,09-11
332,09-11
333,09-11
334,09-11
335,09-11
336,09-11
337,09-11
338,09-11
339,09-11
340,09-11
341,09-11
342,09-11
343,09-11
344,09-11
345,09-11
346,09-11
347,09-11
348,09-11
349,09-11
350,09-11
351,09-11
352,09-11
353,09-11
354,09-11
355,09-11
356,09-11
357,09-10
358,09-11
359,09-11
360,09-11
361,09-11
362,09-11
363,09-11
364,09-11
365,09-11
366,09-11
367,09-11
368,09-11
369,09-11
370,09-11
371,09-11
372,09-11
373,09-11
374,09-11
375,09-11
376,09-11
377,09-11
378,09-11
379,09-11
380,09-11
381,09-11
382,09-11
383,09-11
384,09-11
385,09-11
386,09-11
387,09-11
388,09-11
389,09-11
390,09-11
391,09-11
392,09-11
393,09-11
394,09-11
395,09-11
396,09-11
397,09-11
398,09-11
399,09-11
400,09-11
401,09-11
402,09-11
403,09-11
404,09-11
405,09-11
406,09-11
407,09-11
408,09-11
409,09-11
410,09-11
411,09-11
412,09-11
413,09-11
414,09-11
415,09-11
416,09-11
417,09-11
418,09-11
419,09-11
420,09-11
421,09-11
422,09-11
423,09-11
424,09-11
425,09-11
426,09-11
427,09-11
428,09-11
429,09-11
430,09-11
431,09-11
432,09-11
433,09-11
434,09-11
435,09-11
436,09-11
437,09-11
438,09-11
439,09-11
440,09-11
441,09-11
442,09-11
443,09-11
444,09-11
445,09-11
446,09-11
447,09-11
448,09-11
449,09-11
450,09-11
451,09-11
452,09-11
453,09-11
454,09-11
455,09-11
456,09-11
457,09-11
458,09-11
459,09-11
460,09-11
461,09-11
462,09-11
463,09-11
464,09-11
465,09-11
466,09-11
467,09-11
468,09-11
469,09-11
470,09-11
471,09-11
472,09-11
473,09-11
474,09-11
475,09-11
476,09-11
477,09-11
478,09-11
479,09-11
480,09-11
481,09-11
482,09-11
483,09-11
484,09-11
485,09-11
486,09-11
487,09-11
488,09-11
489,09-11
490,09-11
491,09-11
492,09-11
493,09-11
494,09-11
495,09-11
496,09-11
497,09-11
498,09-11
499,09-11
500,09-11
501,09-11
502,09-11
503,09-11
504,09-11
505,09-11
506,09-11
507,09-11
508,09-11
509,09-11
510,09-11
511,09-11
512,09-11
513,09-11
514,09-11
515,09-11
516,09-11
517,09-11
518,09-11
519,09-11
520,09-10
521,09-10
522,09-10
523,09-09
524,09-09
525,09-10
526,09-10
527,09-10
528,09-10
529,09-10
530,09-10
531,09-10
532,09-10
533,09-10
534,09-10
535,09-10
536,09-10
537,09-09
538,09-10
539,09-10
540,09-10
541,09-10
542,09-07
543,09-09
544,09-09
545,09-09
546,09-09
547,09-09
548,09-09
549,09-09
550,09-09
551,09-09
552,09-09
553,09-09
554,09-08
555,09-09
556,09-09
557,09-09
558,09-09
559,09-09
560,09-09
561,09-09
562,09-09
563,09-09
564,09-08
565,09-09
566,09-09
567,09-09
568,09-09
569,09-09
570,09-09
571,09-09
572,09-09
573,09-09
574,09-09
575,09-09
576,09-08
577,09-06
578,09-08
579,09-08
580,09-08
581,09-08
582,09-08
583,09-08
584,09-08
585,09-08
586,09-08
587,09-07
588,09-07
589,09-08
590,09-08
591,09-08
592,09-08
593,09-08
594,09-08
595,09-08
596,09-07
597,09-08
598,09-08
599,09-08
600,09-07
601,09-08
602,09-07
603,09-06
604,09-07
605,09-07
606,09-08
607,09-08
608,09-07
609,09-06
610,09-07
611,09-07
612,09-07
613,09-07
614,09-06
615,09-08
616,09-06
617,09-07
618,09-06
619,09-07
620,09-06
621,09-07
622,09-06
623,09-06
624,09-06
625,09-06
626,09-07
627,09-06
628,09-07
629,09-07
630,09-07
631,09-07
632,09-07
633,09-07
634,09-07
635,09-07
636,09-06
637,09-07
638,09-07
639,09-06
640,09-07
641,09-07
642,09-07
643,09-06
644,09-06
645,09-06
646,09-06
647,09-07
648,09-07
649,09-06
650,09-06
651,09-06
652,09-06
653,09-06
654,09-07
655,09-06
656,09-06
657,09-06
658,09-06
659,09-06
660,09-06
661,09-06
662,09-06
663,09-06
664,09-06
665,09-07
666,09-06
667,09-06
668,09-07
669,09-06
670,09-06
671,09-06
672,09-06
673,09-06
674,09-06
675,09-06
676,09-06
677,09-06
678,09-06
679,09-06
680,09-06
681,09-06
682,09-06
683,09-06
684,09-06
685,09-06
686,09-06
687,09-06
688,09-06
689,09-06
690,09-06
691,09-06
692,09-06
693,09-06
694,09-06
695,09-06
696,09-06
697,09-06
698,09-06
699,09-06
700,09-06
701,09-06
702,09-06
703,09-06
704,09-06
705,09-06
706,09-06
707,08-29
708,08-29
709,08-29
710,08-28
711,08-29
712,08-29
713,08-29
714,08-29
715,08-29
716,08-29
717,08-31
718,08-31
719,08-31
720,08-31
721,08-31
722,08-30
723,08-31
724,08-31
725,08-26
726,08-30
727,08-30
728,08-30
729,08-30
730,08-30
731,08-30
732,08-30
733,08-30
734,08-30
735,08-27
736,08-27
737,08-27
738,08-27
739,08-27
740,08-27
741,08-26
742,08-26
743,08-29
744,08-29
745,08-28
746,08-28
747,08-28
748,08-28
749,08-28
750,08-27
751,08-28
752,08-28
753,08-28
754,08-28
755,08-27
756,08-27
757,08-27
758,08-26
759,08-25
760,08-27
761,08-25
762,08-27
763,08-27
764,08-27
765,08-27
766,08-27
767,08-26
768,08-26
769,08-26
770,08-26
771,08-21
772,08-21
773,08-20
774,08-20
775,08-20
776,08-19
777,08-19
778,08-18
779,08-18
780,08-18
781,08-24
782,08-24
783,08-24
784,08-24
785,08-24
786,08-24
787,08-24
788,08-24
789,08-24
790,08-24
791,08-24
792,08-22
793,08-13
794,08-14
795,08-14
796,08-14
797,08-14
798,08-14
799,08-14
800,08-14
801,08-14
802,08-14
803,08-14
804,08-14
805,08-14
806,08-14
807,08-14
808,08-14
809,08-14
810,08-14
811,08-14
812,08-14
813,08-14
814,08-14
815,08-14
816,08-14
817,08-14
818,08-14
819,08-14
820,08-14
821,08-14
822,08-14
823,08-14
824,08-14
825,08-14
826,08-14
827,08-14
828,08-14
829,08-14
830,08-14
831,08-14
832,08-14
833,08-14
